source,titre,date,url
wikipedia.fr,Intelligence artificielle,,https://fr.wikipedia.org/wiki/Intelligence_artificielle
wikipedia.fr,Portail:Intelligence artificielle,,https://fr.wikipedia.org/wiki/Portail:Intelligence_artificielle
wikipedia.fr,Rediet Abebe,,https://fr.wikipedia.org/wiki/Rediet_Abebe
wikipedia.fr,Adobe Firefly,,https://fr.wikipedia.org/wiki/Adobe_Firefly
wikipedia.fr,Advice Taker,,https://fr.wikipedia.org/wiki/Advice_Taker
wikipedia.fr,AffectNet,,https://fr.wikipedia.org/wiki/AffectNet
wikipedia.fr,Agence francophone pour l'intelligence artificielle,,https://fr.wikipedia.org/wiki/Agence_francophone_pour_l%27intelligence_artificielle
wikipedia.fr,Agent intelligent,,https://fr.wikipedia.org/wiki/Agent_intelligent
wikipedia.fr,Agent logiciel,,https://fr.wikipedia.org/wiki/Agent_logiciel
wikipedia.fr,Agent virtuel,,https://fr.wikipedia.org/wiki/Agent_virtuel
wikipedia.fr,AIOps,,https://fr.wikipedia.org/wiki/AIOps
wikipedia.fr,Aladdin (BlackRock),,https://fr.wikipedia.org/wiki/Aladdin_(BlackRock)
wikipedia.fr,Algorithme A*,,https://fr.wikipedia.org/wiki/Algorithme_A*
wikipedia.fr,Algorithme anytime,,https://fr.wikipedia.org/wiki/Algorithme_anytime
wikipedia.fr,Algorithme génétique,,https://fr.wikipedia.org/wiki/Algorithme_g%C3%A9n%C3%A9tique
wikipedia.fr,Algorithme minimax,,https://fr.wikipedia.org/wiki/Algorithme_minimax
wikipedia.fr,Alignement d'ontologies,,https://fr.wikipedia.org/wiki/Alignement_d%27ontologies
wikipedia.fr,Alignement des intelligences artificielles,,https://fr.wikipedia.org/wiki/Alignement_des_intelligences_artificielles
wikipedia.fr,Alignment Research Center,,https://fr.wikipedia.org/wiki/Alignment_Research_Center
wikipedia.fr,Allen Control Systems Bullfrog,,https://fr.wikipedia.org/wiki/Allen_Control_Systems_Bullfrog
wikipedia.fr,Amparo Alonso-Betanzos,,https://fr.wikipedia.org/wiki/Amparo_Alonso-Betanzos
wikipedia.fr,Analyse décisionnelle des systèmes complexes,,https://fr.wikipedia.org/wiki/Analyse_d%C3%A9cisionnelle_des_syst%C3%A8mes_complexes
wikipedia.fr,Analyse sémantique latente,,https://fr.wikipedia.org/wiki/Analyse_s%C3%A9mantique_latente
wikipedia.fr,Analyse sémantique latente probabiliste,,https://fr.wikipedia.org/wiki/Analyse_s%C3%A9mantique_latente_probabiliste
wikipedia.fr,Analyse syntaxique de surface,,https://fr.wikipedia.org/wiki/Analyse_syntaxique_de_surface
wikipedia.fr,Ancrage des symboles,,https://fr.wikipedia.org/wiki/Ancrage_des_symboles
wikipedia.fr,Anticipation (intelligence artificielle),,https://fr.wikipedia.org/wiki/Anticipation_(intelligence_artificielle)
wikipedia.fr,Applications de l'intelligence artificielle,,https://fr.wikipedia.org/wiki/Applications_de_l%27intelligence_artificielle
wikipedia.fr,Apprentissage par renforcement à partir de rétroaction humaine,,https://fr.wikipedia.org/wiki/Apprentissage_par_renforcement_%C3%A0_partir_de_r%C3%A9troaction_humaine
wikipedia.fr,Apprentissage par renforcement profond,,https://fr.wikipedia.org/wiki/Apprentissage_par_renforcement_profond
wikipedia.fr,Architecture cognitive,,https://fr.wikipedia.org/wiki/Architecture_cognitive
wikipedia.fr,Arithmétique floue,,https://fr.wikipedia.org/wiki/Arithm%C3%A9tique_floue
wikipedia.fr,Artificial Intelligence (revue scientifique),,https://fr.wikipedia.org/wiki/Artificial_Intelligence_(revue_scientifique)
wikipedia.fr,Association française pour l'intelligence artificielle,,https://fr.wikipedia.org/wiki/Association_fran%C3%A7aise_pour_l%27intelligence_artificielle
wikipedia.fr,Auto-GPT,,https://fr.wikipedia.org/wiki/Auto-GPT
wikipedia.fr,Autonomic computing,,https://fr.wikipedia.org/wiki/Autonomic_computing
wikipedia.fr,Avida (logiciel),,https://fr.wikipedia.org/wiki/Avida_(logiciel)
wikipedia.fr,Axiles Bionics,,https://fr.wikipedia.org/wiki/Axiles_Bionics
wikipedia.fr,Base de connaissance,,https://fr.wikipedia.org/wiki/Base_de_connaissance
wikipedia.fr,Basilic de Roko,,https://fr.wikipedia.org/wiki/Basilic_de_Roko
wikipedia.fr,Utilisateur:Bertille.vllt/Brouillon,,https://fr.wikipedia.org/wiki/Utilisateur:Bertille.vllt/Brouillon
wikipedia.fr,BioWall,,https://fr.wikipedia.org/wiki/BioWall
wikipedia.fr,Bixonimanie,,https://fr.wikipedia.org/wiki/Bixonimanie
wikipedia.fr,Black in AI,,https://fr.wikipedia.org/wiki/Black_in_AI
wikipedia.fr,Blue Brain,,https://fr.wikipedia.org/wiki/Blue_Brain
wikipedia.fr,Boom de l'intelligence artificielle,,https://fr.wikipedia.org/wiki/Boom_de_l%27intelligence_artificielle
wikipedia.fr,Bot informatique,,https://fr.wikipedia.org/wiki/Bot_informatique
wikipedia.fr,Brain Activity Map Project,,https://fr.wikipedia.org/wiki/Brain_Activity_Map_Project
wikipedia.fr,Brain Bar,,https://fr.wikipedia.org/wiki/Brain_Bar
wikipedia.fr,Briefcam,,https://fr.wikipedia.org/wiki/Briefcam
wikipedia.fr,Bulle de l'intelligence artificielle,,https://fr.wikipedia.org/wiki/Bulle_de_l%27intelligence_artificielle
wikipedia.fr,Cadre (intelligence artificielle),,https://fr.wikipedia.org/wiki/Cadre_(intelligence_artificielle)
wikipedia.fr,Calcul des situations,,https://fr.wikipedia.org/wiki/Calcul_des_situations
wikipedia.fr,Caltech 101,,https://fr.wikipedia.org/wiki/Caltech_101
wikipedia.fr,CAPTCHA,,https://fr.wikipedia.org/wiki/CAPTCHA
wikipedia.fr,Center for Applied Rationality,,https://fr.wikipedia.org/wiki/Center_for_Applied_Rationality
wikipedia.fr,Center for Human-Compatible Artificial Intelligence,,https://fr.wikipedia.org/wiki/Center_for_Human-Compatible_Artificial_Intelligence
wikipedia.fr,Center for Security and Emerging Technology,,https://fr.wikipedia.org/wiki/Center_for_Security_and_Emerging_Technology
wikipedia.fr,Centre d'excellence interdisciplinaire en intelligence artificielle pour le développement,,https://fr.wikipedia.org/wiki/Centre_d%27excellence_interdisciplinaire_en_intelligence_artificielle_pour_le_d%C3%A9veloppement
wikipedia.fr,Centre Internet et Société,,https://fr.wikipedia.org/wiki/Centre_Internet_et_Soci%C3%A9t%C3%A9
wikipedia.fr,Cerveau artificiel,,https://fr.wikipedia.org/wiki/Cerveau_artificiel
wikipedia.fr,Chaînage arrière,,https://fr.wikipedia.org/wiki/Cha%C3%AEnage_arri%C3%A8re
wikipedia.fr,Chaînage avant,,https://fr.wikipedia.org/wiki/Cha%C3%AEnage_avant
wikipedia.fr,Chambre chinoise,,https://fr.wikipedia.org/wiki/Chambre_chinoise
wikipedia.fr,Character.ai,,https://fr.wikipedia.org/wiki/Character.ai
wikipedia.fr,Chatbot,,https://fr.wikipedia.org/wiki/Chatbot
wikipedia.fr,ChatGPT dans l'éducation,,https://fr.wikipedia.org/wiki/ChatGPT_dans_l%27%C3%A9ducation
wikipedia.fr,Chronologie de l'intelligence artificielle,,https://fr.wikipedia.org/wiki/Chronologie_de_l%27intelligence_artificielle
wikipedia.fr,CIFAR-10,,https://fr.wikipedia.org/wiki/CIFAR-10
wikipedia.fr,Classification sous contrainte,,https://fr.wikipedia.org/wiki/Classification_sous_contrainte
wikipedia.fr,Claude (modèle de langage),,https://fr.wikipedia.org/wiki/Claude_(mod%C3%A8le_de_langage)
wikipedia.fr,Cleverbot,,https://fr.wikipedia.org/wiki/Cleverbot
wikipedia.fr,Cognitique,,https://fr.wikipedia.org/wiki/Cognitique
wikipedia.fr,Colossus (supercalculateur),,https://fr.wikipedia.org/wiki/Colossus_(supercalculateur)
wikipedia.fr,Comet (navigateur Web),,https://fr.wikipedia.org/wiki/Comet_(navigateur_Web)
wikipedia.fr,Commerce agentique,,https://fr.wikipedia.org/wiki/Commerce_agentique
wikipedia.fr,Communication humaine,,https://fr.wikipedia.org/wiki/Communication_humaine
wikipedia.fr,Compréhension du langage naturel,,https://fr.wikipedia.org/wiki/Compr%C3%A9hension_du_langage_naturel
wikipedia.fr,Computing Machinery and Intelligence,,https://fr.wikipedia.org/wiki/Computing_Machinery_and_Intelligence
wikipedia.fr,Conscience artificielle,,https://fr.wikipedia.org/wiki/Conscience_artificielle
wikipedia.fr,Conscience Robotics,,https://fr.wikipedia.org/wiki/Conscience_Robotics
wikipedia.fr,Consensus (moteur de recherche),,https://fr.wikipedia.org/wiki/Consensus_(moteur_de_recherche)
wikipedia.fr,Conséquences économiques de l'intelligence artificielle,,https://fr.wikipedia.org/wiki/Cons%C3%A9quences_%C3%A9conomiques_de_l%27intelligence_artificielle
wikipedia.fr,Contexte,,https://fr.wikipedia.org/wiki/Contexte
wikipedia.fr,Contrôle des capacités de l'IA,,https://fr.wikipedia.org/wiki/Contr%C3%B4le_des_capacit%C3%A9s_de_l%27IA
wikipedia.fr,Copycat (logiciel),,https://fr.wikipedia.org/wiki/Copycat_(logiciel)
wikipedia.fr,Course aux armements intelligents,,https://fr.wikipedia.org/wiki/Course_aux_armements_intelligents
wikipedia.fr,Kate Crawford,,https://fr.wikipedia.org/wiki/Kate_Crawford
wikipedia.fr,Current AI,,https://fr.wikipedia.org/wiki/Current_AI
wikipedia.fr,Cyc,,https://fr.wikipedia.org/wiki/Cyc
wikipedia.fr,DABUS,,https://fr.wikipedia.org/wiki/DABUS
wikipedia.fr,DALL-E,,https://fr.wikipedia.org/wiki/DALL-E
wikipedia.fr,DARPA Grand Challenge,,https://fr.wikipedia.org/wiki/DARPA_Grand_Challenge
wikipedia.fr,DARPA Robotics Challenge,,https://fr.wikipedia.org/wiki/DARPA_Robotics_Challenge
wikipedia.fr,Décret présidentiel 14179,,https://fr.wikipedia.org/wiki/D%C3%A9cret_pr%C3%A9sidentiel_14179
wikipedia.fr,Deep Learning Anti-Aliasing,,https://fr.wikipedia.org/wiki/Deep_Learning_Anti-Aliasing
wikipedia.fr,Deep Learning Super Sampling,,https://fr.wikipedia.org/wiki/Deep_Learning_Super_Sampling
wikipedia.fr,DeepDream,,https://fr.wikipedia.org/wiki/DeepDream
wikipedia.fr,DentalMonitoring,,https://fr.wikipedia.org/wiki/DentalMonitoring
wikipedia.fr,Détection de contenu généré par intelligence artificielle,,https://fr.wikipedia.org/wiki/D%C3%A9tection_de_contenu_g%C3%A9n%C3%A9r%C3%A9_par_intelligence_artificielle
wikipedia.fr,Diagnostic (intelligence artificielle),,https://fr.wikipedia.org/wiki/Diagnostic_(intelligence_artificielle)
wikipedia.fr,Dialogflow,,https://fr.wikipedia.org/wiki/Dialogflow
wikipedia.fr,Diella (intelligence artificielle),,https://fr.wikipedia.org/wiki/Diella_(intelligence_artificielle)
wikipedia.fr,Adji Bousso Dieng,,https://fr.wikipedia.org/wiki/Adji_Bousso_Dieng
wikipedia.fr,Distillation des connaissances,,https://fr.wikipedia.org/wiki/Distillation_des_connaissances
wikipedia.fr,Donnée synthétique,,https://fr.wikipedia.org/wiki/Donn%C3%A9e_synth%C3%A9tique
wikipedia.fr,Dragon Systems,,https://fr.wikipedia.org/wiki/Dragon_Systems
wikipedia.fr,Échantillonnage de Thompson,,https://fr.wikipedia.org/wiki/%C3%89chantillonnage_de_Thompson
wikipedia.fr,Effet d'horizon,,https://fr.wikipedia.org/wiki/Effet_d%27horizon
wikipedia.fr,Effet ELIZA,,https://fr.wikipedia.org/wiki/Effet_ELIZA
wikipedia.fr,Effet IA,,https://fr.wikipedia.org/wiki/Effet_IA
wikipedia.fr,Effondrement de modèles d'intelligence artificielle,,https://fr.wikipedia.org/wiki/Effondrement_de_mod%C3%A8les_d%27intelligence_artificielle
wikipedia.fr,Eigenface,,https://fr.wikipedia.org/wiki/Eigenface
wikipedia.fr,Élagage alpha-bêta,,https://fr.wikipedia.org/wiki/%C3%89lagage_alpha-b%C3%AAta
wikipedia.fr,Élicitation,,https://fr.wikipedia.org/wiki/%C3%89licitation
wikipedia.fr,ELIZA,,https://fr.wikipedia.org/wiki/ELIZA
wikipedia.fr,Emergent (logiciel),,https://fr.wikipedia.org/wiki/Emergent_(logiciel)
wikipedia.fr,EmoDB,,https://fr.wikipedia.org/wiki/EmoDB
wikipedia.fr,Ensemble flou,,https://fr.wikipedia.org/wiki/Ensemble_flou
wikipedia.fr,Environnement intelligent,,https://fr.wikipedia.org/wiki/Environnement_intelligent
wikipedia.fr,EsmGFP,,https://fr.wikipedia.org/wiki/EsmGFP
wikipedia.fr,Éthique de l'intelligence artificielle,,https://fr.wikipedia.org/wiki/%C3%89thique_de_l%27intelligence_artificielle
wikipedia.fr,Eurisko,,https://fr.wikipedia.org/wiki/Eurisko
wikipedia.fr,Exocortex,,https://fr.wikipedia.org/wiki/Exocortex
wikipedia.fr,Explosion d'intelligence,,https://fr.wikipedia.org/wiki/Explosion_d%27intelligence
wikipedia.fr,Extraction de caractéristique,,https://fr.wikipedia.org/wiki/Extraction_de_caract%C3%A9ristique
wikipedia.fr,Extraction de caractéristique (audio),,https://fr.wikipedia.org/wiki/Extraction_de_caract%C3%A9ristique_(audio)
wikipedia.fr,Factualité,,https://fr.wikipedia.org/wiki/Factualit%C3%A9
wikipedia.fr,Falcon 180B,,https://fr.wikipedia.org/wiki/Falcon_180B
wikipedia.fr,FARI - AI for the Common Good,,https://fr.wikipedia.org/wiki/FARI_-_AI_for_the_Common_Good
wikipedia.fr,Figure AI,,https://fr.wikipedia.org/wiki/Figure_AI
wikipedia.fr,Filet céleste,,https://fr.wikipedia.org/wiki/Filet_c%C3%A9leste
wikipedia.fr,Friday (comics),,https://fr.wikipedia.org/wiki/Friday_(comics)
wikipedia.fr,Gemini (IA),,https://fr.wikipedia.org/wiki/Gemini_(IA)
wikipedia.fr,General Problem Solver,,https://fr.wikipedia.org/wiki/General_Problem_Solver
wikipedia.fr,Génération Bêta,,https://fr.wikipedia.org/wiki/G%C3%A9n%C3%A9ration_B%C3%AAta
wikipedia.fr,Gibberlink,,https://fr.wikipedia.org/wiki/Gibberlink
wikipedia.fr,Go en informatique,,https://fr.wikipedia.org/wiki/Go_en_informatique
wikipedia.fr,Google Antigravity,,https://fr.wikipedia.org/wiki/Google_Antigravity
wikipedia.fr,Google Brain,,https://fr.wikipedia.org/wiki/Google_Brain
wikipedia.fr,Google Knowledge Graph,,https://fr.wikipedia.org/wiki/Google_Knowledge_Graph
wikipedia.fr,Google Now,,https://fr.wikipedia.org/wiki/Google_Now
wikipedia.fr,Google Research,,https://fr.wikipedia.org/wiki/Google_Research
wikipedia.fr,GPTZero,,https://fr.wikipedia.org/wiki/GPTZero
wikipedia.fr,Graphe conceptuel,,https://fr.wikipedia.org/wiki/Graphe_conceptuel
wikipedia.fr,Richard Greenblatt,,https://fr.wikipedia.org/wiki/Richard_Greenblatt
wikipedia.fr,Groq,,https://fr.wikipedia.org/wiki/Groq
wikipedia.fr,Hallucination (intelligence artificielle),,https://fr.wikipedia.org/wiki/Hallucination_(intelligence_artificielle)
wikipedia.fr,HeyGen,,https://fr.wikipedia.org/wiki/HeyGen
wikipedia.fr,Histoire de l'intelligence artificielle,,https://fr.wikipedia.org/wiki/Histoire_de_l%27intelligence_artificielle
wikipedia.fr,Hiver de l'IA,,https://fr.wikipedia.org/wiki/Hiver_de_l%27IA
wikipedia.fr,Emily Howell,,https://fr.wikipedia.org/wiki/Emily_Howell
wikipedia.fr,Human Brain Project,,https://fr.wikipedia.org/wiki/Human_Brain_Project
wikipedia.fr,I.A. La Plus Grande Mutation de l'Histoire,,https://fr.wikipedia.org/wiki/I.A._La_Plus_Grande_Mutation_de_l%27Histoire
wikipedia.fr,IA neuro-symbolique,,https://fr.wikipedia.org/wiki/IA_neuro-symbolique
wikipedia.fr,IA pédagogique,,https://fr.wikipedia.org/wiki/IA_p%C3%A9dagogique
wikipedia.fr,IA-complet,,https://fr.wikipedia.org/wiki/IA-complet
wikipedia.fr,IAN (bande dessinée),,https://fr.wikipedia.org/wiki/IAN_(bande_dessin%C3%A9e)
wikipedia.fr,Projet IBM Debater,,https://fr.wikipedia.org/wiki/Projet_IBM_Debater
wikipedia.fr,IBM Watsonx,,https://fr.wikipedia.org/wiki/IBM_Watsonx
wikipedia.fr,IJCAI Computers and Thought Award,,https://fr.wikipedia.org/wiki/IJCAI_Computers_and_Thought_Award
wikipedia.fr,ImageNet,,https://fr.wikipedia.org/wiki/ImageNet
wikipedia.fr,Impacts environnementaux de l'intelligence artificielle,,https://fr.wikipedia.org/wiki/Impacts_environnementaux_de_l%27intelligence_artificielle
wikipedia.fr,Infinite Craft,,https://fr.wikipedia.org/wiki/Infinite_Craft
wikipedia.fr,Information Processing Language,,https://fr.wikipedia.org/wiki/Information_Processing_Language
wikipedia.fr,Informatique affective,,https://fr.wikipedia.org/wiki/Informatique_affective
wikipedia.fr,Informatique de la personnalité,,https://fr.wikipedia.org/wiki/Informatique_de_la_personnalit%C3%A9
wikipedia.fr,Informatique naturelle,,https://fr.wikipedia.org/wiki/Informatique_naturelle
wikipedia.fr,Informatique neuromorphique,,https://fr.wikipedia.org/wiki/Informatique_neuromorphique
wikipedia.fr,Informatique non conventionnelle,,https://fr.wikipedia.org/wiki/Informatique_non_conventionnelle
wikipedia.fr,Ingénierie de l'intelligence artificielle,,https://fr.wikipedia.org/wiki/Ing%C3%A9nierie_de_l%27intelligence_artificielle
wikipedia.fr,Ingénierie de prompt,,https://fr.wikipedia.org/wiki/Ing%C3%A9nierie_de_prompt
wikipedia.fr,Ingénierie des connaissances,,https://fr.wikipedia.org/wiki/Ing%C3%A9nierie_des_connaissances
wikipedia.fr,Ingénieur en intelligence artificielle,,https://fr.wikipedia.org/wiki/Ing%C3%A9nieur_en_intelligence_artificielle
wikipedia.fr,Institut de recherche Icare,,https://fr.wikipedia.org/wiki/Institut_de_recherche_Icare
wikipedia.fr,Institut national pour l'évaluation et la sécurité de l'intelligence artificielle,,https://fr.wikipedia.org/wiki/Institut_national_pour_l%27%C3%A9valuation_et_la_s%C3%A9curit%C3%A9_de_l%27intelligence_artificielle
wikipedia.fr,Intelligence artificielle : une approche moderne,,https://fr.wikipedia.org/wiki/Intelligence_artificielle_:_une_approche_moderne
wikipedia.fr,Intelligence artificielle agentique,,https://fr.wikipedia.org/wiki/Intelligence_artificielle_agentique
wikipedia.fr,Intelligence artificielle amicale,,https://fr.wikipedia.org/wiki/Intelligence_artificielle_amicale
wikipedia.fr,Intelligence artificielle dans l'éducation,,https://fr.wikipedia.org/wiki/Intelligence_artificielle_dans_l%27%C3%A9ducation
wikipedia.fr,Intelligence artificielle des objets,,https://fr.wikipedia.org/wiki/Intelligence_artificielle_des_objets
wikipedia.fr,Intelligence artificielle digne de confiance,,https://fr.wikipedia.org/wiki/Intelligence_artificielle_digne_de_confiance
wikipedia.fr,Intelligence artificielle faible,,https://fr.wikipedia.org/wiki/Intelligence_artificielle_faible
wikipedia.fr,Intelligence artificielle frugale,,https://fr.wikipedia.org/wiki/Intelligence_artificielle_frugale
wikipedia.fr,Intelligence artificielle générale,,https://fr.wikipedia.org/wiki/Intelligence_artificielle_g%C3%A9n%C3%A9rale
wikipedia.fr,Intelligence artificielle générative,,https://fr.wikipedia.org/wiki/Intelligence_artificielle_g%C3%A9n%C3%A9rative
wikipedia.fr,Intelligence artificielle non conventionnelle,,https://fr.wikipedia.org/wiki/Intelligence_artificielle_non_conventionnelle
wikipedia.fr,Intelligence artificielle symbolique,,https://fr.wikipedia.org/wiki/Intelligence_artificielle_symbolique
wikipedia.fr,Intelligence computationnelle,,https://fr.wikipedia.org/wiki/Intelligence_computationnelle
wikipedia.fr,Intelligence organoïde,,https://fr.wikipedia.org/wiki/Intelligence_organo%C3%AFde
wikipedia.fr,Intelligence synthétique,,https://fr.wikipedia.org/wiki/Intelligence_synth%C3%A9tique
wikipedia.fr,International Machine Learning Society,,https://fr.wikipedia.org/wiki/International_Machine_Learning_Society
wikipedia.fr,Jabberwacky,,https://fr.wikipedia.org/wiki/Jabberwacky
wikipedia.fr,Utilisateur:Je ne sais point/Brouillon,,https://fr.wikipedia.org/wiki/Utilisateur:Je_ne_sais_point/Brouillon
wikipedia.fr,Utilisateur:JosaphatBf/Brouillon,,https://fr.wikipedia.org/wiki/Utilisateur:JosaphatBf/Brouillon
wikipedia.fr,Joshua Blue,,https://fr.wikipedia.org/wiki/Joshua_Blue
wikipedia.fr,Journal of Machine Learning Research,,https://fr.wikipedia.org/wiki/Journal_of_Machine_Learning_Research
wikipedia.fr,Jump point search,,https://fr.wikipedia.org/wiki/Jump_point_search
wikipedia.fr,Jurimétrie,,https://fr.wikipedia.org/wiki/Jurim%C3%A9trie
wikipedia.fr,Keras,,https://fr.wikipedia.org/wiki/Keras
wikipedia.fr,Kizuna AI,,https://fr.wikipedia.org/wiki/Kizuna_AI
wikipedia.fr,Knowledge-Based Systems,,https://fr.wikipedia.org/wiki/Knowledge-Based_Systems
wikipedia.fr,Kórsafn,,https://fr.wikipedia.org/wiki/K%C3%B3rsafn
wikipedia.fr,Kratt,,https://fr.wikipedia.org/wiki/Kratt
wikipedia.fr,Logique contextuelle,,https://fr.wikipedia.org/wiki/Logique_contextuelle
wikipedia.fr,Laboratoire d'analyse et d'architecture des systèmes,,https://fr.wikipedia.org/wiki/Laboratoire_d%27analyse_et_d%27architecture_des_syst%C3%A8mes
wikipedia.fr,LaMDA,,https://fr.wikipedia.org/wiki/LaMDA
wikipedia.fr,Langage à Cadre,,https://fr.wikipedia.org/wiki/Langage_%C3%A0_Cadre
wikipedia.fr,Leonardo AI,,https://fr.wikipedia.org/wiki/Leonardo_AI
wikipedia.fr,Les Voix,,https://fr.wikipedia.org/wiki/Les_Voix
wikipedia.fr,LessWrong,,https://fr.wikipedia.org/wiki/LessWrong
wikipedia.fr,Lettre ouverte sur l'intelligence artificielle,,https://fr.wikipedia.org/wiki/Lettre_ouverte_sur_l%27intelligence_artificielle
wikipedia.fr,Libratus,,https://fr.wikipedia.org/wiki/Libratus
wikipedia.fr,Lisp,,https://fr.wikipedia.org/wiki/Lisp
wikipedia.fr,LLaMA,,https://fr.wikipedia.org/wiki/LLaMA
wikipedia.fr,Logic Theorist,,https://fr.wikipedia.org/wiki/Logic_Theorist
wikipedia.fr,Logique défaisable,,https://fr.wikipedia.org/wiki/Logique_d%C3%A9faisable
wikipedia.fr,Logique déontique,,https://fr.wikipedia.org/wiki/Logique_d%C3%A9ontique
wikipedia.fr,Logique floue,,https://fr.wikipedia.org/wiki/Logique_floue
wikipedia.fr,Machine Learning (revue),,https://fr.wikipedia.org/wiki/Machine_Learning_(revue)
wikipedia.fr,Machine Lisp,,https://fr.wikipedia.org/wiki/Machine_Lisp
wikipedia.fr,Maintenance des raisons,,https://fr.wikipedia.org/wiki/Maintenance_des_raisons
wikipedia.fr,Mandingha Kosso Moanda,,https://fr.wikipedia.org/wiki/Mandingha_Kosso_Moanda
wikipedia.fr,Manus (agent IA),,https://fr.wikipedia.org/wiki/Manus_(agent_IA)
wikipedia.fr,Match AlphaGo - Lee Sedol,,https://fr.wikipedia.org/wiki/Match_AlphaGo_-_Lee_Sedol
wikipedia.fr,Matchs Deep Blue contre Kasparov,,https://fr.wikipedia.org/wiki/Matchs_Deep_Blue_contre_Kasparov
wikipedia.fr,Lindiwe Matlali,,https://fr.wikipedia.org/wiki/Lindiwe_Matlali
wikipedia.fr,Matrice de confusion,,https://fr.wikipedia.org/wiki/Matrice_de_confusion
wikipedia.fr,Microsoft Cognitive Toolkit,,https://fr.wikipedia.org/wiki/Microsoft_Cognitive_Toolkit
wikipedia.fr,Microsoft Copilot,,https://fr.wikipedia.org/wiki/Microsoft_Copilot
wikipedia.fr,Midjourney,,https://fr.wikipedia.org/wiki/Midjourney
wikipedia.fr,Ministre de l'Intelligence artificielle et de l'Innovation numérique,,https://fr.wikipedia.org/wiki/Ministre_de_l%27Intelligence_artificielle_et_de_l%27Innovation_num%C3%A9rique
wikipedia.fr,Mission Genesis,,https://fr.wikipedia.org/wiki/Mission_Genesis
wikipedia.fr,Model Context Protocol,,https://fr.wikipedia.org/wiki/Model_Context_Protocol
wikipedia.fr,Modèle de fondation,,https://fr.wikipedia.org/wiki/Mod%C3%A8le_de_fondation
wikipedia.fr,Modèle de langage de raisonnement,,https://fr.wikipedia.org/wiki/Mod%C3%A8le_de_langage_de_raisonnement
wikipedia.fr,Modèle de monde,,https://fr.wikipedia.org/wiki/Mod%C3%A8le_de_monde
wikipedia.fr,Modèle des croyances transférables,,https://fr.wikipedia.org/wiki/Mod%C3%A8le_des_croyances_transf%C3%A9rables
wikipedia.fr,Monde des blocs,,https://fr.wikipedia.org/wiki/Monde_des_blocs
wikipedia.fr,Moteur d'inférence,,https://fr.wikipedia.org/wiki/Moteur_d%27inf%C3%A9rence
wikipedia.fr,Moteur de recherche,,https://fr.wikipedia.org/wiki/Moteur_de_recherche
wikipedia.fr,Multiréalisabilité,,https://fr.wikipedia.org/wiki/Multir%C3%A9alisabilit%C3%A9
wikipedia.fr,MuZero,,https://fr.wikipedia.org/wiki/MuZero
wikipedia.fr,Neuro-ingénierie,,https://fr.wikipedia.org/wiki/Neuro-ing%C3%A9nierie
wikipedia.fr,Notify,,https://fr.wikipedia.org/wiki/Notify
wikipedia.fr,OpenAI o1,,https://fr.wikipedia.org/wiki/OpenAI_o1
wikipedia.fr,OpenCog,,https://fr.wikipedia.org/wiki/OpenCog
wikipedia.fr,Opération Serenata de Amor,,https://fr.wikipedia.org/wiki/Op%C3%A9ration_Serenata_de_Amor
wikipedia.fr,Opposition à l'intelligence artificielle,,https://fr.wikipedia.org/wiki/Opposition_%C3%A0_l%27intelligence_artificielle
wikipedia.fr,Optimisation non linéaire,,https://fr.wikipedia.org/wiki/Optimisation_non_lin%C3%A9aire
wikipedia.fr,Optimisation par essaims particulaires,,https://fr.wikipedia.org/wiki/Optimisation_par_essaims_particulaires
wikipedia.fr,Optimisation pour les moteurs génératifs,,https://fr.wikipedia.org/wiki/Optimisation_pour_les_moteurs_g%C3%A9n%C3%A9ratifs
wikipedia.fr,Paradoxe de Moravec,,https://fr.wikipedia.org/wiki/Paradoxe_de_Moravec
wikipedia.fr,Partenariat sur l'IA,,https://fr.wikipedia.org/wiki/Partenariat_sur_l%27IA
wikipedia.fr,Partitionnement spectral,,https://fr.wikipedia.org/wiki/Partitionnement_spectral
wikipedia.fr,Pause IA,,https://fr.wikipedia.org/wiki/Pause_IA
wikipedia.fr,Perception artificielle,,https://fr.wikipedia.org/wiki/Perception_artificielle
wikipedia.fr,Perceptron,,https://fr.wikipedia.org/wiki/Perceptron
wikipedia.fr,Perplexity AI,,https://fr.wikipedia.org/wiki/Perplexity_AI
wikipedia.fr,Philosophie de l'intelligence artificielle,,https://fr.wikipedia.org/wiki/Philosophie_de_l%27intelligence_artificielle
wikipedia.fr,Phraser,,https://fr.wikipedia.org/wiki/Phraser
wikipedia.fr,PimEyes,,https://fr.wikipedia.org/wiki/PimEyes
wikipedia.fr,Walter Pitts,,https://fr.wikipedia.org/wiki/Walter_Pitts
wikipedia.fr,Pixel Buds,,https://fr.wikipedia.org/wiki/Pixel_Buds
wikipedia.fr,Planification (intelligence artificielle),,https://fr.wikipedia.org/wiki/Planification_(intelligence_artificielle)
wikipedia.fr,Platform for Open Exploration,,https://fr.wikipedia.org/wiki/Platform_for_Open_Exploration
wikipedia.fr,Point de vue d'Hubert Dreyfus sur l'intelligence artificielle,,https://fr.wikipedia.org/wiki/Point_de_vue_d%27Hubert_Dreyfus_sur_l%27intelligence_artificielle
wikipedia.fr,Power and Progress,,https://fr.wikipedia.org/wiki/Power_and_Progress
wikipedia.fr,Principaux projets et réalisations en intelligence artificielle,,https://fr.wikipedia.org/wiki/Principaux_projets_et_r%C3%A9alisations_en_intelligence_artificielle
wikipedia.fr,Prisma Labs,,https://fr.wikipedia.org/wiki/Prisma_Labs
wikipedia.fr,Prix Allen-Newell,,https://fr.wikipedia.org/wiki/Prix_Allen-Newell
wikipedia.fr,Problème du cadre,,https://fr.wikipedia.org/wiki/Probl%C3%A8me_du_cadre
wikipedia.fr,Processeur graphique,,https://fr.wikipedia.org/wiki/Processeur_graphique
wikipedia.fr,Processus de décision markovien,,https://fr.wikipedia.org/wiki/Processus_de_d%C3%A9cision_markovien
wikipedia.fr,Processus de décision markovien partiellement observable,,https://fr.wikipedia.org/wiki/Processus_de_d%C3%A9cision_markovien_partiellement_observable
wikipedia.fr,Programmation génétique,,https://fr.wikipedia.org/wiki/Programmation_g%C3%A9n%C3%A9tique
wikipedia.fr,Programmation logique inductive,,https://fr.wikipedia.org/wiki/Programmation_logique_inductive
wikipedia.fr,Prolog,,https://fr.wikipedia.org/wiki/Prolog
wikipedia.fr,Propagation d'affinité,,https://fr.wikipedia.org/wiki/Propagation_d%27affinit%C3%A9
wikipedia.fr,Proximité sémantique,,https://fr.wikipedia.org/wiki/Proximit%C3%A9_s%C3%A9mantique
wikipedia.fr,Psychométrie computationnelle,,https://fr.wikipedia.org/wiki/Psychom%C3%A9trie_computationnelle
wikipedia.fr,Pulvérisation (mathématiques),,https://fr.wikipedia.org/wiki/Pulv%C3%A9risation_(math%C3%A9matiques)
wikipedia.fr,PyTorch,,https://fr.wikipedia.org/wiki/PyTorch
wikipedia.fr,Qoves Studio,,https://fr.wikipedia.org/wiki/Qoves_Studio
wikipedia.fr,Raisonnement à partir de cas,,https://fr.wikipedia.org/wiki/Raisonnement_%C3%A0_partir_de_cas
wikipedia.fr,Raisonnement automatisé,,https://fr.wikipedia.org/wiki/Raisonnement_automatis%C3%A9
wikipedia.fr,Randomisation de domaine,,https://fr.wikipedia.org/wiki/Randomisation_de_domaine
wikipedia.fr,Rapport international sur la sécurité de l'IA,,https://fr.wikipedia.org/wiki/Rapport_international_sur_la_s%C3%A9curit%C3%A9_de_l%27IA
wikipedia.fr,Recherche approfondie (intelligence artificielle),,https://fr.wikipedia.org/wiki/Recherche_approfondie_(intelligence_artificielle)
wikipedia.fr,Recherche automatique d'architecture neuronale,,https://fr.wikipedia.org/wiki/Recherche_automatique_d%27architecture_neuronale
wikipedia.fr,Recherche de chemin,,https://fr.wikipedia.org/wiki/Recherche_de_chemin
wikipedia.fr,Recherche générative assistée par intelligence artificielle,,https://fr.wikipedia.org/wiki/Recherche_g%C3%A9n%C3%A9rative_assist%C3%A9e_par_intelligence_artificielle
wikipedia.fr,Recherche plein texte,,https://fr.wikipedia.org/wiki/Recherche_plein_texte
wikipedia.fr,Reconnaissance automatique des émotions,,https://fr.wikipedia.org/wiki/Reconnaissance_automatique_des_%C3%A9motions
wikipedia.fr,Reconnaissance de formes,,https://fr.wikipedia.org/wiki/Reconnaissance_de_formes
wikipedia.fr,Reconnaissance optique de marques,,https://fr.wikipedia.org/wiki/Reconnaissance_optique_de_marques
wikipedia.fr,Réduction par ordre partiel,,https://fr.wikipedia.org/wiki/R%C3%A9duction_par_ordre_partiel
wikipedia.fr,Réglage fin,,https://fr.wikipedia.org/wiki/R%C3%A9glage_fin
wikipedia.fr,Relaxation continue,,https://fr.wikipedia.org/wiki/Relaxation_continue
wikipedia.fr,Replit,,https://fr.wikipedia.org/wiki/Replit
wikipedia.fr,Représentation des connaissances,,https://fr.wikipedia.org/wiki/Repr%C3%A9sentation_des_connaissances
wikipedia.fr,Réseau hiérarchisé de tâches,,https://fr.wikipedia.org/wiki/R%C3%A9seau_hi%C3%A9rarchis%C3%A9_de_t%C3%A2ches
wikipedia.fr,Réseau intelligent,,https://fr.wikipedia.org/wiki/R%C3%A9seau_intelligent
wikipedia.fr,Réseaux antagonistes génératifs,,https://fr.wikipedia.org/wiki/R%C3%A9seaux_antagonistes_g%C3%A9n%C3%A9ratifs
wikipedia.fr,Réseaux autonomes,,https://fr.wikipedia.org/wiki/R%C3%A9seaux_autonomes
wikipedia.fr,Réseaux spontanés,,https://fr.wikipedia.org/wiki/R%C3%A9seaux_spontan%C3%A9s
wikipedia.fr,Résumé automatique de texte,,https://fr.wikipedia.org/wiki/R%C3%A9sum%C3%A9_automatique_de_texte
wikipedia.fr,Rétro-ingénierie assistée par l'IA,,https://fr.wikipedia.org/wiki/R%C3%A9tro-ing%C3%A9nierie_assist%C3%A9e_par_l%27IA
wikipedia.fr,Risque existentiel posé par l'intelligence artificielle,,https://fr.wikipedia.org/wiki/Risque_existentiel_pos%C3%A9_par_l%27intelligence_artificielle
wikipedia.fr,Robert the Robot,,https://fr.wikipedia.org/wiki/Robert_the_Robot
wikipedia.fr,Robolympics,,https://fr.wikipedia.org/wiki/Robolympics
wikipedia.fr,Robot Berenson,,https://fr.wikipedia.org/wiki/Robot_Berenson
wikipedia.fr,Salon de l'Entrepreneuriat Numérique et de l'Intelligence Artificielle,,https://fr.wikipedia.org/wiki/Salon_de_l%27Entrepreneuriat_Num%C3%A9rique_et_de_l%27Intelligence_Artificielle
wikipedia.fr,Savoir du sens commun,,https://fr.wikipedia.org/wiki/Savoir_du_sens_commun
wikipedia.fr,SB1047,,https://fr.wikipedia.org/wiki/SB1047
wikipedia.fr,SCIgen,,https://fr.wikipedia.org/wiki/SCIgen
wikipedia.fr,Scribe médical automatisé,,https://fr.wikipedia.org/wiki/Scribe_m%C3%A9dical_automatis%C3%A9
wikipedia.fr,Segment Anything Model,,https://fr.wikipedia.org/wiki/Segment_Anything_Model
wikipedia.fr,Semantic Scholar,,https://fr.wikipedia.org/wiki/Semantic_Scholar
wikipedia.fr,Sémantique cognitive,,https://fr.wikipedia.org/wiki/S%C3%A9mantique_cognitive
wikipedia.fr,Séparation et évaluation,,https://fr.wikipedia.org/wiki/S%C3%A9paration_et_%C3%A9valuation
wikipedia.fr,Shadow AI,,https://fr.wikipedia.org/wiki/Shadow_AI
wikipedia.fr,SHODAN,,https://fr.wikipedia.org/wiki/SHODAN
wikipedia.fr,Shogi en informatique,,https://fr.wikipedia.org/wiki/Shogi_en_informatique
wikipedia.fr,Show and Tell (logiciel),,https://fr.wikipedia.org/wiki/Show_and_Tell_(logiciel)
wikipedia.fr,SHRDLU,,https://fr.wikipedia.org/wiki/SHRDLU
wikipedia.fr,Sidetrade,,https://fr.wikipedia.org/wiki/Sidetrade
wikipedia.fr,Similarité (informatique),,https://fr.wikipedia.org/wiki/Similarit%C3%A9_(informatique)
wikipedia.fr,Similarité sémantique,,https://fr.wikipedia.org/wiki/Similarit%C3%A9_s%C3%A9mantique
wikipedia.fr,Siri (logiciel),,https://fr.wikipedia.org/wiki/Siri_(logiciel)
wikipedia.fr,Soar (architecture cognitive),,https://fr.wikipedia.org/wiki/Soar_(architecture_cognitive)
wikipedia.fr,Social bot,,https://fr.wikipedia.org/wiki/Social_bot
wikipedia.fr,Soft computing,,https://fr.wikipedia.org/wiki/Soft_computing
wikipedia.fr,Sora (IA),,https://fr.wikipedia.org/wiki/Sora_(IA)
wikipedia.fr,Space Robotics Challenge,,https://fr.wikipedia.org/wiki/Space_Robotics_Challenge
wikipedia.fr,SpeechMagic,,https://fr.wikipedia.org/wiki/SpeechMagic
wikipedia.fr,Stable Diffusion,,https://fr.wikipedia.org/wiki/Stable_Diffusion
wikipedia.fr,Stratégie nationale de cybersécurité du Tchad,,https://fr.wikipedia.org/wiki/Strat%C3%A9gie_nationale_de_cybers%C3%A9curit%C3%A9_du_Tchad
wikipedia.fr,Stratégie nationale pour l'intelligence artificielle,,https://fr.wikipedia.org/wiki/Strat%C3%A9gie_nationale_pour_l%27intelligence_artificielle
wikipedia.fr,STRIPS,,https://fr.wikipedia.org/wiki/STRIPS
wikipedia.fr,StyleGAN,,https://fr.wikipedia.org/wiki/StyleGAN
wikipedia.fr,Superintelligence,,https://fr.wikipedia.org/wiki/Superintelligence
wikipedia.fr,"Superintelligence : Paths, Dangers, Strategies",,"https://fr.wikipedia.org/wiki/Superintelligence_:_Paths,_Dangers,_Strategies"
wikipedia.fr,Surapprentissage,,https://fr.wikipedia.org/wiki/Surapprentissage
wikipedia.fr,Sûreté des intelligences artificielles,,https://fr.wikipedia.org/wiki/S%C3%BBret%C3%A9_des_intelligences_artificielles
wikipedia.fr,Système d'aide à la décision clinique,,https://fr.wikipedia.org/wiki/Syst%C3%A8me_d%27aide_%C3%A0_la_d%C3%A9cision_clinique
wikipedia.fr,Système d'argumentation,,https://fr.wikipedia.org/wiki/Syst%C3%A8me_d%27argumentation
wikipedia.fr,Système de contrôle hiérarchique,,https://fr.wikipedia.org/wiki/Syst%C3%A8me_de_contr%C3%B4le_hi%C3%A9rarchique
wikipedia.fr,Système expert,,https://fr.wikipedia.org/wiki/Syst%C3%A8me_expert
wikipedia.fr,Système immunitaire artificiel,,https://fr.wikipedia.org/wiki/Syst%C3%A8me_immunitaire_artificiel
wikipedia.fr,Système intelligent flou,,https://fr.wikipedia.org/wiki/Syst%C3%A8me_intelligent_flou
wikipedia.fr,Système intelligent hybride,,https://fr.wikipedia.org/wiki/Syst%C3%A8me_intelligent_hybride
wikipedia.fr,Tacotron 2,,https://fr.wikipedia.org/wiki/Tacotron_2
wikipedia.fr,Tay (intelligence artificielle),,https://fr.wikipedia.org/wiki/Tay_(intelligence_artificielle)
wikipedia.fr,Téléosémantique,,https://fr.wikipedia.org/wiki/T%C3%A9l%C3%A9os%C3%A9mantique
wikipedia.fr,Tensor Processing Unit,,https://fr.wikipedia.org/wiki/Tensor_Processing_Unit
wikipedia.fr,Test de Turing,,https://fr.wikipedia.org/wiki/Test_de_Turing
wikipedia.fr,Test de Will Smith mangeant des spaghettis,,https://fr.wikipedia.org/wiki/Test_de_Will_Smith_mangeant_des_spaghettis
wikipedia.fr,The Gospel (logiciel),,https://fr.wikipedia.org/wiki/The_Gospel_(logiciel)
wikipedia.fr,Theano (logiciel),,https://fr.wikipedia.org/wiki/Theano_(logiciel)
wikipedia.fr,Thérapie numérique,,https://fr.wikipedia.org/wiki/Th%C3%A9rapie_num%C3%A9rique
wikipedia.fr,Thèse de Church,,https://fr.wikipedia.org/wiki/Th%C3%A8se_de_Church
wikipedia.fr,Tierra (simulation informatique),,https://fr.wikipedia.org/wiki/Tierra_(simulation_informatique)
wikipedia.fr,Tilly Norwood,,https://fr.wikipedia.org/wiki/Tilly_Norwood
wikipedia.fr,Transparence (informatique),,https://fr.wikipedia.org/wiki/Transparence_(informatique)
wikipedia.fr,Unconventional AI,,https://fr.wikipedia.org/wiki/Unconventional_AI
wikipedia.fr,Valkyrie (robot),,https://fr.wikipedia.org/wiki/Valkyrie_(robot)
wikipedia.fr,Vallée de l'étrange,,https://fr.wikipedia.org/wiki/Vall%C3%A9e_de_l%27%C3%A9trange
wikipedia.fr,Watson (intelligence artificielle),,https://fr.wikipedia.org/wiki/Watson_(intelligence_artificielle)
wikipedia.fr,Wendkuuni Moïse Convolbo,,https://fr.wikipedia.org/wiki/Wendkuuni_Mo%C3%AFse_Convolbo
wikipedia.fr,Xiaoice,,https://fr.wikipedia.org/wiki/Xiaoice
wikipedia.fr,ZetaLisp,,https://fr.wikipedia.org/wiki/ZetaLisp
wikipedia.fr,Zo (intelligence artificielle),,https://fr.wikipedia.org/wiki/Zo_(intelligence_artificielle)
